,accuracy,precision,recall,f1,kapppa,set,modelo
0,0.6,0.47619047619047616,0.15873015873015872,0.23809523809523808,0.05132481007967393,test,R. log ESTANDARIZADA
1,0.6828125,0.631578947368421,0.21524663677130046,0.3210702341137124,0.1749225219732765,train,R. log ESTANDARIZADA
0,0.65,0.0,0.0,0.0,0.0,test,R. log SIN estandarizar
1,0.640625,0.0,0.0,0.0,0.0,train,R. log SIN estandarizar
