,MAE,MSE,RMSE,R2,set,modelo
0,0.04869338125222466,0.03542938052961998,0.18822693890519493,0.9644096304985054,test,Random Forest
1,0.047888273936347966,0.033602600719967714,0.18331012170627053,0.9664235544361881,train,Random Forest
0,0.1521417720481837,0.074399755734298,0.2727631861785934,0.9252621762553574,test,Linear Regresion
1,0.14989254816726,0.0718637670948262,0.2680741820743398,0.9281921692913474,train,LinearRegression
