,MAE,MSE,RMSE,R2,set,modelo
0,0.15214177204818377,0.07439975573429805,0.27276318617859346,0.9252621762553574,test,Linear Regresion
1,0.14989254816726008,0.07186376709482628,0.2680741820743398,0.9281921692913474,train,LinearRegression
