,MAE,MSE,RMSE,R2,set,modelo
0,0.15198477314797226,0.07443755695049943,0.2728324704841772,0.9252242032727056,test,Linear Regresion
1,0.14974321765071372,0.07191349454357572,0.26816691545299864,0.928142480548804,train,LinearRegression
