,MAE,MSE,RMSE,R2,set,modelo
0,0.04869338125222466,0.03542938052961998,0.18822693890519493,0.9644096304985054,test,Random Forest
1,0.047888273936347966,0.033602600719967714,0.18331012170627053,0.9664235544361881,train,Random Forest
0,0.0243403483034369,0.0170253161204367,0.1304810948775215,0.9828973218682298,test,Decision Tree I
1,2.685031972710044e-17,8.413105133020208e-33,9.172298039760924e-17,1.0,train,Decision Tree I
0,0.0661911810383123,0.0418970785824632,0.2046877587508916,0.957912543615139,test,Decision tree II
1,0.0643656383424706,0.0392266451787487,0.1980571765393739,0.9608038875481276,train,Decision tree II
0,0.1521417720481837,0.074399755734298,0.2727631861785934,0.9252621762553574,test,Linear Regresion
1,0.14989254816726,0.0718637670948262,0.2680741820743398,0.9281921692913474,train,LinearRegression
